Provinsi,Kabupaten
"Aceh","Kab. Aceh Barat"
"Aceh","Kab. Aceh Barat Daya"
"Aceh","Kab. Aceh Besar"
"Aceh","Kab. Aceh Jaya"
"Aceh","Kab. Aceh Selatan"
"Aceh","Kab. Aceh Singkil"
"Aceh","Kab. Aceh Tamiang"
"Aceh","Kab. Aceh Tengah"
"Aceh","Kab. Aceh Tenggara"
"Aceh","Kab. Aceh Timur"
"Aceh","Kab. Aceh Utara"
"Aceh","Kab. Bener Meriah"
"Aceh","Kab. Bireuen"
"Aceh","Kab. Gayo Lues"
"Aceh","Kab. Nagan Raya"
"Aceh","Kab. Pidie"
"Aceh","Kab. Pidie Jaya"
"Aceh","Kab. Simeulue"
"Aceh","Kota Banda Aceh"
"Aceh","Kota Langsa"
"Aceh","Kota Lhokseumawe"
"Aceh","Kota Sabang"
"Aceh","Kota Subulussalam"
"Sumatera Utara","Kab. Asahan"
"Sumatera Utara","Kab. Batubara"
"Sumatera Utara","Kab. Dairi"
"Sumatera Utara","Kab. Deli Serdang"
"Sumatera Utara","Kab. Humbang Hasundutan"
"Sumatera Utara","Kab. Karo"
"Sumatera Utara","Kab. Labuhanbatu"
"Sumatera Utara","Kab. Labuhanbatu Selatan"
"Sumatera Utara","Kab. Labuhanbatu Utara"
"Sumatera Utara","Kab. Langkat"
"Sumatera Utara","Kab. Mandailing Natal"
"Sumatera Utara","Kab. Nias"
"Sumatera Utara","Kab. Nias Barat"
"Sumatera Utara","Kab. Nias Selatan"
"Sumatera Utara","Kab. Nias Utara"
"Sumatera Utara","Kab. Padang Lawas"
"Sumatera Utara","Kab. Padang Lawas Utara"
"Sumatera Utara","Kab. Pakpak Bharat"
"Sumatera Utara","Kab. Samosir"
"Sumatera Utara","Kab. Serdang Bedagai"
"Sumatera Utara","Kab. Simalungun"
"Sumatera Utara","Kab. Tapanuli Selatan"
"Sumatera Utara","Kab. Tapanuli Tengah"
"Sumatera Utara","Kab. Tapanuli Utara"
"Sumatera Utara","Kab. Toba"
"Sumatera Utara","Kota Binjai"
"Sumatera Utara","Kota Gunungsitoli"
"Sumatera Utara","Kota Medan"
"Sumatera Utara","Kota Padangsidimpuan"
"Sumatera Utara","Kota Pematangsiantar"
"Sumatera Utara","Kota Sibolga"
"Sumatera Utara","Kota Tanjungbalai"
"Sumatera Utara","Kota Tebing Tinggi"
"Sumatera Barat","Kab. Agam"
"Sumatera Barat","Kab. Dharmasraya"
"Sumatera Barat","Kab. Kepulauan Mentawai"
"Sumatera Barat","Kab. Lima Puluh Kota"
"Sumatera Barat","Kab. Padang Pariaman"
"Sumatera Barat","Kab. Pasaman"
"Sumatera Barat","Kab. Pasaman Barat"
"Sumatera Barat","Kab. Pesisir Selatan"
"Sumatera Barat","Kab. Sijunjung"
"Sumatera Barat","Kab. Solok"
"Sumatera Barat","Kab. Solok Selatan"
"Sumatera Barat","Kab. Tanah Datar"
"Sumatera Barat","Kota Bukittinggi"
"Sumatera Barat","Kota Padang"
"Sumatera Barat","Kota Padang Panjang"
"Sumatera Barat","Kota Pariaman"
"Sumatera Barat","Kota Payakumbuh"
"Sumatera Barat","Kota Sawahlunto"
"Sumatera Barat","Kota Solok"
"Riau","Kab. Bengkalis"
"Riau","Kab. Indragiri Hilir"
"Riau","Kab. Indragiri Hulu"
"Riau","Kab. Kampar"
"Riau","Kab. Kepulauan Meranti"
"Riau","Kab. Kuantan Singingi"
"Riau","Kab. Pelalawan"
"Riau","Kab. Rokan Hilir"
"Riau","Kab. Rokan Hulu"
"Riau","Kab. Siak"
"Riau","Kota Dumai"
"Riau","Kota Pekanbaru"
"Jambi","Kab. Batanghari"
"Jambi","Kab. Bungo"
"Jambi","Kab. Kerinci"
"Jambi","Kab. Merangin"
"Jambi","Kab. Muaro Jambi"
"Jambi","Kab. Sarolangun"
"Jambi","Kab. Tanjung Jabung Barat"
"Jambi","Kab. Tanjung Jabung Timur"
"Jambi","Kab. Tebo"
"Jambi","Kota Jambi"
"Jambi","Kota Sungai Penuh"
"Sumatera Selatan","Kab. Banyuasin"
"Sumatera Selatan","Kab. Empat Lawang"
"Sumatera Selatan","Kab. Lahat"
"Sumatera Selatan","Kab. Muara Enim"
"Sumatera Selatan","Kab. Musi Banyuasin"
"Sumatera Selatan","Kab. Musi Rawas"
"Sumatera Selatan","Kab. Musi Rawas Utara"
"Sumatera Selatan","Kab. Ogan Ilir"
"Sumatera Selatan","Kab. Ogan Komering Ilir"
"Sumatera Selatan","Kab. Ogan Komering Ulu"
"Sumatera Selatan","Kab. OKU Selatan"
"Sumatera Selatan","Kab. OKU Timur"
"Sumatera Selatan","Kab. Penukal Abab Lematang Ilir"
"Sumatera Selatan","Kota Lubuklinggau"
"Sumatera Selatan","Kota Pagar Alam"
"Sumatera Selatan","Kota Palembang"
"Sumatera Selatan","Kota Prabumulih"
"Bengkulu","Kab. Bengkulu Selatan"
"Bengkulu","Kab. Bengkulu Tengah"
"Bengkulu","Kab. Bengkulu Utara"
"Bengkulu","Kab. Kaur"
"Bengkulu","Kab. Kepahiang"
"Bengkulu","Kab. Lebong"
"Bengkulu","Kab. Mukomuko"
"Bengkulu","Kab. Rejang Lebong"
"Bengkulu","Kab. Seluma"
"Bengkulu","Kota Bengkulu"
"Lampung","Kab. Lampung Barat"
"Lampung","Kab. Lampung Selatan"
"Lampung","Kab. Lampung Tengah"
"Lampung","Kab. Lampung Timur"
"Lampung","Kab. Lampung Utara"
"Lampung","Kab. Mesuji"
"Lampung","Kab. Pesawaran"
"Lampung","Kab. Pesisir Barat"
"Lampung","Kab. Pringsewu"
"Lampung","Kab. Tanggamus"
"Lampung","Kab. Tulang Bawang"
"Lampung","Kab. Tulang Bawang Barat"
"Lampung","Kab. Way Kanan"
"Lampung","Kota Bandar Lampung"
"Lampung","Kota Metro"
"Kepulauan Bangka Belitung","Kab. Bangka"
"Kepulauan Bangka Belitung","Kab. Bangka Barat"
"Kepulauan Bangka Belitung","Kab. Bangka Selatan"
"Kepulauan Bangka Belitung","Kab. Bangka Tengah"
"Kepulauan Bangka Belitung","Kab. Belitung"
"Kepulauan Bangka Belitung","Kab. Belitung Timur"
"Kepulauan Bangka Belitung","Kota Pangkalpinang"
"Kepulauan Riau","Kab. Bintan"
"Kepulauan Riau","Kab. Karimun"
"Kepulauan Riau","Kab. Kepulauan Anambas"
"Kepulauan Riau","Kab. Lingga"
"Kepulauan Riau","Kab. Natuna"
"Kepulauan Riau","Kota Batam"
"Kepulauan Riau","Kota Tanjungpinang"
"DKI Jakarta","Kota Jakarta Pusat"
"DKI Jakarta","Kota Jakarta Utara"
"DKI Jakarta","Kota Jakarta Barat"
"DKI Jakarta","Kota Jakarta Selatan"
"DKI Jakarta","Kota Jakarta Timur"
"DKI Jakarta","Kab. Kepulauan Seribu"
"Jawa Barat","Kab. Bandung"
"Jawa Barat","Kab. Bandung Barat"
"Jawa Barat","Kab. Bekasi"
"Jawa Barat","Kab. Bogor"
"Jawa Barat","Kab. Ciamis"
"Jawa Barat","Kab. Cianjur"
"Jawa Barat","Kab. Cirebon"
"Jawa Barat","Kab. Garut"
"Jawa Barat","Kab. Indramayu"
"Jawa Barat","Kab. Karawang"
"Jawa Barat","Kab. Kuningan"
"Jawa Barat","Kab. Majalengka"
"Jawa Barat","Kab. Pangandaran"
"Jawa Barat","Kab. Purwakarta"
"Jawa Barat","Kab. Subang"
"Jawa Barat","Kab. Sukabumi"
"Jawa Barat","Kab. Sumedang"
"Jawa Barat","Kab. Tasikmalaya"
"Jawa Barat","Kota Bandung"
"Jawa Barat","Kota Banjar"
"Jawa Barat","Kota Bekasi"
"Jawa Barat","Kota Bogor"
"Jawa Barat","Kota Cimahi"
"Jawa Barat","Kota Cirebon"
"Jawa Barat","Kota Depok"
"Jawa Barat","Kota Sukabumi"
"Jawa Barat","Kota Tasikmalaya"
"Jawa Tengah","Kab. Banjarnegara"
"Jawa Tengah","Kab. Banyumas"
"Jawa Tengah","Kab. Batang"
"Jawa Tengah","Kab. Blora"
"Jawa Tengah","Kab. Boyolali"
"Jawa Tengah","Kab. Brebes"
"Jawa Tengah","Kab. Cilacap"
"Jawa Tengah","Kab. Demak"
"Jawa Tengah","Kab. Grobogan"
"Jawa Tengah","Kab. Jepara"
"Jawa Tengah","Kab. Karanganyar"
"Jawa Tengah","Kab. Kebumen"
"Jawa Tengah","Kab. Kendal"
"Jawa Tengah","Kab. Klaten"
"Jawa Tengah","Kab. Kudus"
"Jawa Tengah","Kab. Magelang"
"Jawa Tengah","Kab. Pati"
"Jawa Tengah","Kab. Pekalongan"
"Jawa Tengah","Kab. Pemalang"
"Jawa Tengah","Kab. Purbalingga"
"Jawa Tengah","Kab. Purworejo"
"Jawa Tengah","Kab. Rembang"
"Jawa Tengah","Kab. Semarang"
"Jawa Tengah","Kab. Sragen"
"Jawa Tengah","Kab. Sukoharjo"
"Jawa Tengah","Kab. Tegal"
"Jawa Tengah","Kab. Temanggung"
"Jawa Tengah","Kab. Wonogiri"
"Jawa Tengah","Kab. Wonosobo"
"Jawa Tengah","Kota Magelang"
"Jawa Tengah","Kota Pekalongan"
"Jawa Tengah","Kota Salatiga"
"Jawa Tengah","Kota Semarang"
"Jawa Tengah","Kota Surakarta"
"Jawa Tengah","Kota Tegal"
"DI Yogyakarta","Kab. Bantul"
"DI Yogyakarta","Kab. Gunungkidul"
"DI Yogyakarta","Kab. Kulon Progo"
"DI Yogyakarta","Kab. Sleman"
"DI Yogyakarta","Kota Yogyakarta"
"Jawa Timur","Kab. Bangkalan"
"Jawa Timur","Kab. Banyuwangi"
"Jawa Timur","Kab. Blitar"
"Jawa Timur","Kab. Bojonegoro"
"Jawa Timur","Kab. Bondowoso"
"Jawa Timur","Kab. Gresik"
"Jawa Timur","Kab. Jember"
"Jawa Timur","Kab. Jombang"
"Jawa Timur","Kab. Kediri"
"Jawa Timur","Kab. Lamongan"
"Jawa Timur","Kab. Lumajang"
"Jawa Timur","Kab. Madiun"
"Jawa Timur","Kab. Magetan"
"Jawa Timur","Kab. Malang"
"Jawa Timur","Kab. Mojokerto"
"Jawa Timur","Kab. Nganjuk"
"Jawa Timur","Kab. Ngawi"
"Jawa Timur","Kab. Pacitan"
"Jawa Timur","Kab. Pamekasan"
"Jawa Timur","Kab. Pasuruan"
"Jawa Timur","Kab. Ponorogo"
"Jawa Timur","Kab. Probolinggo"
"Jawa Timur","Kab. Sampang"
"Jawa Timur","Kab. Sidoarjo"
"Jawa Timur","Kab. Situbondo"
"Jawa Timur","Kab. Sumenep"
"Jawa Timur","Kab. Trenggalek"
"Jawa Timur","Kab. Tuban"
"Jawa Timur","Kab. Tulungagung"
"Jawa Timur","Kota Batu"
"Jawa Timur","Kota Blitar"
"Jawa Timur","Kota Kediri"
"Jawa Timur","Kota Madiun"
"Jawa Timur","Kota Malang"
"Jawa Timur","Kota Mojokerto"
"Jawa Timur","Kota Pasuruan"
"Jawa Timur","Kota Probolinggo"
"Jawa Timur","Kota Surabaya"
"Banten","Kab. Lebak"
"Banten","Kab. Pandeglang"
"Banten","Kab. Serang"
"Banten","Kab. Tangerang"
"Banten","Kota Cilegon"
"Banten","Kota Serang"
"Banten","Kota Tangerang"
"Banten","Kota Tangerang Selatan"
"Bali","Kab. Badung"
"Bali","Kab. Bangli"
"Bali","Kab. Buleleng"
"Bali","Kab. Gianyar"
"Bali","Kab. Jembrana"
"Bali","Kab. Karangasem"
"Bali","Kab. Klungkung"
"Bali","Kab. Tabanan"
"Bali","Kota Denpasar"
"Nusa Tenggara Barat","Kab. Bima"
"Nusa Tenggara Barat","Kab. Dompu"
"Nusa Tenggara Barat","Kab. Lombok Barat"
"Nusa Tenggara Barat","Kab. Lombok Tengah"
"Nusa Tenggara Barat","Kab. Lombok Timur"
"Nusa Tenggara Barat","Kab. Lombok Utara"
"Nusa Tenggara Barat","Kab. Sumbawa"
"Nusa Tenggara Barat","Kab. Sumbawa Barat"
"Nusa Tenggara Barat","Kota Bima"
"Nusa Tenggara Barat","Kota Mataram"
"Nusa Tenggara Timur","Kab. Alor"
"Nusa Tenggara Timur","Kab. Belu"
"Nusa Tenggara Timur","Kab. Ende"
"Nusa Tenggara Timur","Kab. Flores Timur"
"Nusa Tenggara Timur","Kab. Kupang"
"Nusa Tenggara Timur","Kab. Lembata"
"Nusa Tenggara Timur","Kab. Malaka"
"Nusa Tenggara Timur","Kab. Manggarai"
"Nusa Tenggara Timur","Kab. Manggarai Barat"
"Nusa Tenggara Timur","Kab. Manggarai Timur"
"Nusa Tenggara Timur","Kab. Nagekeo"
"Nusa Tenggara Timur","Kab. Ngada"
"Nusa Tenggara Timur","Kab. Rote Ndao"
"Nusa Tenggara Timur","Kab. Sabu Raijua"
"Nusa Tenggara Timur","Kab. Sikka"
"Nusa Tenggara Timur","Kab. Sumba Barat"
"Nusa Tenggara Timur","Kab. Sumba Barat Daya"
"Nusa Tenggara Timur","Kab. Sumba Tengah"
"Nusa Tenggara Timur","Kab. Sumba Timur"
"Nusa Tenggara Timur","Kab. Timor Tengah Selatan"
"Nusa Tenggara Timur","Kab. Timor Tengah Utara"
"Nusa Tenggara Timur","Kota Kupang"
"Kalimantan Barat","Kab. Bengkayang"
"Kalimantan Barat","Kab. Kapuas Hulu"
"Kalimantan Barat","Kab. Kayong Utara"
"Kalimantan Barat","Kab. Ketapang"
"Kalimantan Barat","Kab. Kubu Raya"
"Kalimantan Barat","Kab. Landak"
"Kalimantan Barat","Kab. Melawi"
"Kalimantan Barat","Kab. Mempawah"
"Kalimantan Barat","Kab. Sambas"
"Kalimantan Barat","Kab. Sanggau"
"Kalimantan Barat","Kab. Sekadau"
"Kalimantan Barat","Kab. Sintang"
"Kalimantan Barat","Kota Pontianak"
"Kalimantan Barat","Kota Singkawang"
"Kalimantan Tengah","Kab. Barito Selatan"
"Kalimantan Tengah","Kab. Barito Timur"
"Kalimantan Tengah","Kab. Barito Utara"
"Kalimantan Tengah","Kab. Gunung Mas"
"Kalimantan Tengah","Kab. Kapuas"
"Kalimantan Tengah","Kab. Katingan"
"Kalimantan Tengah","Kab. Kotawaringin Barat"
"Kalimantan Tengah","Kab. Kotawaringin Timur"
"Kalimantan Tengah","Kab. Lamandau"
"Kalimantan Tengah","Kab. Murung Raya"
"Kalimantan Tengah","Kab. Pulang Pisau"
"Kalimantan Tengah","Kab. Seruyan"
"Kalimantan Tengah","Kab. Sukamara"
"Kalimantan Tengah","Kota Palangkaraya"
"Kalimantan Selatan","Kab. Balangan"
"Kalimantan Selatan","Kab. Banjar"
"Kalimantan Selatan","Kab. Barito Kuala"
"Kalimantan Selatan","Kab. Hulu Sungai Selatan"
"Kalimantan Selatan","Kab. Hulu Sungai Tengah"
"Kalimantan Selatan","Kab. Hulu Sungai Utara"
"Kalimantan Selatan","Kab. Kotabaru"
"Kalimantan Selatan","Kab. Tabalong"
"Kalimantan Selatan","Kab. Tanah Bumbu"
"Kalimantan Selatan","Kab. Tanah Laut"
"Kalimantan Selatan","Kab. Tapin"
"Kalimantan Selatan","Kota Banjarbaru"
"Kalimantan Selatan","Kota Banjarmasin"
"Kalimantan Timur","Kab. Berau"
"Kalimantan Timur","Kab. Kutai Barat"
"Kalimantan Timur","Kab. Kutai Kartanegara"
"Kalimantan Timur","Kab. Kutai Timur"
"Kalimantan Timur","Kab. Mahakam Ulu"
"Kalimantan Timur","Kab. Paser"
"Kalimantan Timur","Kab. Penajam Paser Utara"
"Kalimantan Timur","Kota Balikpapan"
"Kalimantan Timur","Kota Bontang"
"Kalimantan Timur","Kota Samarinda"
"Kalimantan Utara","Kab. Bulungan"
"Kalimantan Utara","Kab. Malinau"
"Kalimantan Utara","Kab. Nunukan"
"Kalimantan Utara","Kab. Tana Tidung"
"Kalimantan Utara","Kota Tarakan"
"Sulawesi Utara","Kab. Bolaang Mongondow"
"Sulawesi Utara","Kab. Bolaang Mongondow Selatan"
"Sulawesi Utara","Kab. Bolaang Mongondow Timur"
"Sulawesi Utara","Kab. Bolaang Mongondow Utara"
"Sulawesi Utara","Kab. Kepulauan Sangihe"
"Sulawesi Utara","Kab. Kepulauan Siau Tagulandang Biaro"
"Sulawesi Utara","Kab. Kepulauan Talaud"
"Sulawesi Utara","Kab. Minahasa"
"Sulawesi Utara","Kab. Minahasa Selatan"
"Sulawesi Utara","Kab. Minahasa Tenggara"
"Sulawesi Utara","Kab. Minahasa Utara"
"Sulawesi Utara","Kota Bitung"
"Sulawesi Utara","Kota Kotamobagu"
"Sulawesi Utara","Kota Manado"
"Sulawesi Utara","Kota Tomohon"
"Sulawesi Tengah","Kab. Banggai"
"Sulawesi Tengah","Kab. Banggai Kepulauan"
"Sulawesi Tengah","Kab. Banggai Laut"
"Sulawesi Tengah","Kab. Buol"
"Sulawesi Tengah","Kab. Donggala"
"Sulawesi Tengah","Kab. Morowali"
"Sulawesi Tengah","Kab. Morowali Utara"
"Sulawesi Tengah","Kab. Parigi Moutong"
"Sulawesi Tengah","Kab. Poso"
"Sulawesi Tengah","Kab. Sigi"
"Sulawesi Tengah","Kab. Tojo Una-Una"
"Sulawesi Tengah","Kab. Tolitoli"
"Sulawesi Tengah","Kota Palu"
"Sulawesi Selatan","Kab. Bantaeng"
"Sulawesi Selatan","Kab. Barru"
"Sulawesi Selatan","Kab. Bone"
"Sulawesi Selatan","Kab. Bulukumba"
"Sulawesi Selatan","Kab. Enrekang"
"Sulawesi Selatan","Kab. Gowa"
"Sulawesi Selatan","Kab. Jeneponto"
"Sulawesi Selatan","Kab. Kepulauan Selayar"
"Sulawesi Selatan","Kab. Luwu"
"Sulawesi Selatan","Kab. Luwu Timur"
"Sulawesi Selatan","Kab. Luwu Utara"
"Sulawesi Selatan","Kab. Maros"
"Sulawesi Selatan","Kab. Pangkajene dan Kepulauan"
"Sulawesi Selatan","Kab. Pinrang"
"Sulawesi Selatan","Kab. Sidenreng Rappang"
"Sulawesi Selatan","Kab. Sinjai"
"Sulawesi Selatan","Kab. Soppeng"
"Sulawesi Selatan","Kab. Takalar"
"Sulawesi Selatan","Kab. Tana Toraja"
"Sulawesi Selatan","Kab. Toraja Utara"
"Sulawesi Selatan","Kab. Wajo"
"Sulawesi Selatan","Kota Makassar"
"Sulawesi Selatan","Kota Palopo"
"Sulawesi Selatan","Kota Parepare"
"Sulawesi Tenggara","Kab. Bombana"
"Sulawesi Tenggara","Kab. Buton"
"Sulawesi Tenggara","Kab. Buton Selatan"
"Sulawesi Tenggara","Kab. Buton Tengah"
"Sulawesi Tenggara","Kab. Buton Utara"
"Sulawesi Tenggara","Kab. Kolaka"
"Sulawesi Tenggara","Kab. Kolaka Timur"
"Sulawesi Tenggara","Kab. Kolaka Utara"
"Sulawesi Tenggara","Kab. Konawe"
"Sulawesi Tenggara","Kab. Konawe Kepulauan"
"Sulawesi Tenggara","Kab. Konawe Selatan"
"Sulawesi Tenggara","Kab. Konawe Utara"
"Sulawesi Tenggara","Kab. Muna"
"Sulawesi Tenggara","Kab. Muna Barat"
"Sulawesi Tenggara","Kab. Wakatobi"
"Sulawesi Tenggara","Kota Baubau"
"Sulawesi Tenggara","Kota Kendari"
"Gorontalo","Kab. Boalemo"
"Gorontalo","Kab. Bone Bolango"
"Gorontalo","Kab. Gorontalo"
"Gorontalo","Kab. Gorontalo Utara"
"Gorontalo","Kab. Pohuwato"
"Gorontalo","Kota Gorontalo"
"Sulawesi Barat","Kab. Majene"
"Sulawesi Barat","Kab. Mamasa"
"Sulawesi Barat","Kab. Mamuju"
"Sulawesi Barat","Kab. Mamuju Tengah"
"Sulawesi Barat","Kab. Pasangkayu"
"Sulawesi Barat","Kab. Polewali Mandar"
"Maluku","Kab. Buru"
"Maluku","Kab. Buru Selatan"
"Maluku","Kab. Kepulauan Aru"
"Maluku","Kab. Maluku Barat Daya"
"Maluku","Kab. Maluku Tengah"
"Maluku","Kab. Maluku Tenggara"
"Maluku","Kab. Kepulauan Tanimbar"
"Maluku","Kab. Seram Bagian Barat"
"Maluku","Kab. Seram Bagian Timur"
"Maluku","Kota Ambon"
"Maluku","Kota Tual"
"Maluku Utara","Kab. Halmahera Barat"
"Maluku Utara","Kab. Halmahera Selatan"
"Maluku Utara","Kab. Halmahera Tengah"
"Maluku Utara","Kab. Halmahera Timur"
"Maluku Utara","Kab. Halmahera Utara"
"Maluku Utara","Kab. Kepulauan Sula"
"Maluku Utara","Kab. Pulau Morotai"
"Maluku Utara","Kab. Pulau Taliabu"
"Maluku Utara","Kota Ternate"
"Maluku Utara","Kota Tidore Kepulauan"
"Papua Barat","Kab. Fakfak"
"Papua Barat","Kab. Kaimana"
"Papua Barat","Kab. Manokwari"
"Papua Barat","Kab. Manokwari Selatan"
"Papua Barat","Kab. Maybrat"
"Papua Barat","Kab. Pegunungan Arfak"
"Papua Barat","Kab. Raja Ampat"
"Papua Barat","Kab. Sorong"
"Papua Barat","Kab. Sorong Selatan"
"Papua Barat","Kab. Tambrauw"
"Papua Barat","Kab. Teluk Bintuni"
"Papua Barat","Kab. Teluk Wondama"
"Papua Barat","Kota Sorong"
"Papua","Kab. Asmat"
"Papua","Kab. Biak Numfor"
"Papua","Kab. Boven Digoel"
"Papua","Kab. Deiyai"
"Papua","Kab. Dogiyai"
"Papua","Kab. Intan Jaya"
"Papua","Kab. Jayapura"
"Papua","Kab. Jayawijaya"
"Papua","Kab. Keerom"
"Papua","Kab. Kepulauan Yapen"
"Papua","Kab. Lanny Jaya"
"Papua","Kab. Mamberamo Raya"
"Papua","Kab. Mamberamo Tengah"
"Papua","Kab. Mappi"
"Papua","Kab. Merauke"
"Papua","Kab. Mimika"
"Papua","Kab. Nabire"
"Papua","Kab. Nduga"
"Papua","Kab. Paniai"
"Papua","Kab. Pegunungan Bintang"
"Papua","Kab. Puncak"
"Papua","Kab. Puncak Jaya"
"Papua","Kab. Sarmi"
"Papua","Kab. Supiori"
"Papua","Kab. Tolikara"
"Papua","Kab. Waropen"
"Papua","Kab. Yahukimo"
"Papua","Kab. Yalimo"
"Papua","Kota Jayapura"
"Papua Selatan","Kab. Asmat"
"Papua Selatan","Kab. Boven Digoel"
"Papua Selatan","Kab. Mappi"
"Papua Selatan","Kab. Merauke"
"Papua Tengah","Kab. Deiyai"
"Papua Tengah","Kab. Dogiyai"
"Papua Tengah","Kab. Intan Jaya"
"Papua Tengah","Kab. Mimika"
"Papua Tengah","Kab. Nabire"
"Papua Tengah","Kab. Paniai"
"Papua Tengah","Kab. Puncak"
"Papua Tengah","Kab. Puncak Jaya"
"Papua Pegunungan","Kab. Jayawijaya"
"Papua Pegunungan","Kab. Lanny Jaya"
"Papua Pegunungan","Kab. Mamberamo Tengah"
"Papua Pegunungan","Kab. Nduga"
"Papua Pegunungan","Kab. Pegunungan Bintang"
"Papua Pegunungan","Kab. Tolikara"
"Papua Pegunungan","Kab. Yahukimo"
"Papua Pegunungan","Kab. Yalimo"
"Papua Barat Daya","Kab. Maybrat"
"Papua Barat Daya","Kab. Raja Ampat"
"Papua Barat Daya","Kab. Sorong"
"Papua Barat Daya","Kab. Sorong Selatan"
"Papua Barat Daya","Kab. Tambrauw"
"Papua Barat Daya","Kota Sorong"